name,smiles,peaks,solvent,freq,source
nmrshiftdb_2284,COc1cc(C=CC(=O)OCC(C#N)=CCOC2OC(CO)C(O)C(O)C2O)ccc1O,"168.46,151.31,149.83,149.43,148.34,127.96,124.81,116.93,116.59,114.81,113.35,112.27,104.74,78.48,78.41,75.36,71.86,68.62,64.76,63.00,56.91",Methanol-d4,75.0,nmrshiftdb2:2284
nmrshiftdb_2477,CC(C=CC1(O)C(C)=CC(=O)CC1(C)C)=CC(=O)O,"206.51,170.18,166.78,150.22,136.59,127.58,126.36,120.88,79.31,49.85,41.66,24.19,23.01,20.86,20.72",Methanol-d4,60.0,nmrshiftdb2:2477
nmrshiftdb_2337,C=C1C(C)CCC2(C)C1CC=C1C(=O)OCC12O,"169.60,152.20,139.80,129.90,105.70,76.90,75.00,40.60,39.90,38.50,32.40,31.70,27.30,18.50,15.90",Chloroform-d,50.0,nmrshiftdb2:2337
nmrshiftdb_2492,CCCCCCCCCC=CC(=O)CCc1c(O)c(C=O)c2c(c1O)C(=O)OC2O,"199.20,192.60,166.40,165.70,159.70,152.50,147.90,129.90,116.90,109.40,106.10,95.90,37.60,31.70,31.20,28.80,28.70,28.60,28.50,27.50,22.00,16.80,13.80",DMSO-d6,100.6,nmrshiftdb2:2492
nmrshiftdb_2348,CC(=O)OC1=CC(COC(=O)c2ccccc2)OC(=O)C=C1,"169.70,168.40,165.90,150.70,143.30,133.20,129.60,129.50,128.40,121.50,108.80,67.20,64.60,20.80",Chloroform-d,50.0,nmrshiftdb2:2348
nmrshiftdb_2372,CC1=CC(O)C(O)C2(C)C1CC(=O)C1(C)C3C(=O)OC(C3C)C(O)C12,"207.50,176.90,133.70,126.80,84.20,82.40,74.20,70.20,53.80,51.80,49.90,49.20,44.20,37.00,32.80,24.10,20.40,16.80,11.60",Pyridin-D5 (C5D5N),125.0,nmrshiftdb2:2372
nmrshiftdb_2205,COC(=O)C1=C(C)NC(Cl)=C(C=O)C1c1ccc(C(=O)O)cc1,"186.50,167.90,166.50,148.50,145.80,142.90,132.70,128.90,127.00,110.70,104.10,51.20,37.70,17.80",DMSO-d6,75.0,nmrshiftdb2:2205
nmrshiftdb_2189,CN1C(C)(C)C=[N+]([O-])C1(C)C,"132.10,90.00,60.50,26.10,23.50,23.30",Acetone-D6 ((CD3)2CO),50.328,nmrshiftdb2:2189
nmrshiftdb_2282,CC(C)=CCCC(C)=CCC1=C(O)C(=O)C(O)=C(CC=C(C)C)C1=O,"185.83,177.42,153.06,152.98,138.38,134.06,131.74,124.78,121.56,120.95,120.19,119.65,35.94,24.04,21.41,20.34,20.18,20.07,19.79,19.47,18.24",Chloroform-d,100.0,nmrshiftdb2:2282
nmrshiftdb_2256,O=S1(=O)C2=C(CCCC2)C(O)N1c1ccccc1,"144.50,137.20,134.50,130.40,123.00,122.30,83.10,23.80,22.40,22.10,19.30",Acetone-D6 ((CD3)2CO),100.0,nmrshiftdb2:2256
nmrshiftdb_2394,CC1(O)CCC(=O)C2(C)CCC(O)(C(C)(C)O)C(=O)C12,"216.40,213.00,79.80,74.90,69.80,58.10,52.60,39.50,33.80,29.30,29.10,29.00,25.10,24.00,19.20",Chloroform-d,75.47,nmrshiftdb2:2394
nmrshiftdb_2456,CC1COc2c1cc1c(c2O)C23CCCC(C)(C)C2CC1OC3=O,"175.90,147.70,138.20,133.50,130.60,123.70,110.10,79.60,77.60,48.80,45.30,41.00,37.30,34.40,31.70,29.70,28.90,19.70,19.00,18.80",Chloroform-d,75.0,nmrshiftdb2:2456
nmrshiftdb_2381,CCCCC1=CC(=O)C(CC(=O)O)O1,"206.40,195.80,171.60,102.70,82.40,36.90,31.30,29.20,23.20,14.00",Methanol-d4,125.0,nmrshiftdb2:2381
nmrshiftdb_2301,CC1C(=O)OC2C1CCC1=CCCC(C)C12C,"179.41,139.91,123.93,86.27,43.78,42.30,41.47,36.46,29.10,28.03,25.94,25.59,17.44,15.39,13.50",Chloroform-d,100.0,nmrshiftdb2:2301
nmrshiftdb_2429,CC1(Cl)CCC2(CC1Br)C1(C)CCC(O1)C2(C)C,"89.40,85.90,71.30,62.00,49.90,48.40,40.50,39.13,30.76,27.50,25.76,23.60,23.30,22.48,21.05",Chloroform-d,125.0,nmrshiftdb2:2429
nmrshiftdb_2447,CC(=O)C1=CCC2C3(C)CCC4C(C)(C)CCCC4(CO)C3CC3OC(=O)C1C32C,"197.90,173.40,140.80,136.70,89.90,62.80,61.40,57.70,55.50,50.90,43.50,43.30,41.70,38.30,35.10,34.00,33.30,27.50,24.60,24.40,21.90,18.50,17.60,16.40,13.70",Chloroform-d,125.0,nmrshiftdb2:2447
nmrshiftdb_2257,O=C1C2=C(CCCC2)S(=O)(=O)N1c1c(Cl)cccc1Cl,"160.40,149.30,138.60,137.00,134.00,131.50,130.80,21.80,21.50,21.40,20.10",Acetone-D6 ((CD3)2CO),100.0,nmrshiftdb2:2257
nmrshiftdb_2383,CC1(C)CCC(O)C2(C)C1CCC13CC(C)(CCC12)C(CO)O3,"84.60,82.70,80.00,63.80,55.00,54.10,51.80,42.60,40.40,39.30,39.10,38.40,32.90,32.50,28.80,22.20,21.30,19.40,18.80,8.40",Chloroform-d,75.0,nmrshiftdb2:2383
nmrshiftdb_2238,O=C1C(O)=Cc2coc(=O)c3ccc(-c4ccccc4)c1c23,"179.20,160.60,152.00,150.10,148.80,142.10,134.60,134.10,129.10,128.60,128.40,125.10,120.60,112.80,107.70",Acetone-D6 ((CD3)2CO) 1:Unreported,125.0,nmrshiftdb2:2238
nmrshiftdb_2190,C=CC1(C)CC(O)C(OC(C)=O)(C(C)C)CC1C(=C)C,"163.76,150.15,147.31,110.62,97.90,90.29,69.75,46.45,44.24,41.83,38.73,38.56,27.95,27.34,20.09,19.00,18.80",Benzene-D6 (C6D6),125.77,nmrshiftdb2:2190
nmrshiftdb_2432,COc1cc(O)c(-c2c(CO)cc(O)c3c2C(=O)c2cccc(O)c2C3=O)c(O)c1C(C)=O,"203.65,194.17,182.76,164.09,163.91,162.74,162.46,161.81,156.62,138.18,135.70,132.52,126.04,124.09,121.15,120.10,116.46,115.91,106.18,91.88,61.92,56.10,33.19",Acetone-D6 ((CD3)2CO),150.0,nmrshiftdb2:2432
nmrshiftdb_2207,COC(=O)c1ccc(C2C(C#N)=C(N)NC3=C2C(=O)CC(C)(C)C3)cc1,"193.80,166.10,152.40,150.30,149.90,129.20,127.30,127.20,121.20,108.20,57.90,51.90,49.90,39.60,37.40,32.00,28.80,26.50",DMSO-d6,1.0,nmrshiftdb2:2207
nmrshiftdb_2254,COC1OC2CC3CCC4C(CCC5(C)C(C6=CC(=O)OC6)CCC45O)C31CC2O,"178.40,177.30,117.80,101.30,86.30,75.40,71.80,67.10,54.60,52.10,50.90,46.70,43.30,41.50,41.20,39.90,36.30,33.40,32.10,29.10,28.60,27.90,24.00,16.30",Methanol-d4,125.0,nmrshiftdb2:2254
nmrshiftdb_2378,O=C1C(OC2OC(CO)C(O)C(O)C2O)Oc2cc(Cl)ccc2N1O,"155.30,141.20,127.80,127.50,122.90,118.00,114.10,102.80,96.40,77.60,76.70,73.10,69.70,61.10",DMSO-d6,100.0,nmrshiftdb2:2378
nmrshiftdb_2476,CC1CCC2C1C1C(CCC2(C)O)C1(C)C,"74.60,58.20,39.70,38.40,37.80,32.10,29.10,28.70,28.60,25.80,22.30,18.80,18.40,16.30,16.10",Chloroform-d,75.0,nmrshiftdb2:2476
nmrshiftdb_2436,CC(=O)OC1C(C(C)(C)O)CCC2(C)C(=O)CCC(C)(O)C12,"214.40,172.60,71.60,70.30,69.90,55.00,52.40,46.90,40.50,35.90,35.10,29.20,26.70,24.60,22.10,20.70,18.90",Chloroform-d,75.0,nmrshiftdb2:2436
nmrshiftdb_2259,C=C(C)C(=O)OC1CC(C)=CC(O)C(O)C(C)=CC2OC(=O)C(=C)C21,"169.10,165.10,143.20,135.90,135.50,135.00,131.10,126.30,125.80,121.50,83.10,74.40,74.20,71.00,52.20,43.50,19.70,17.90,13.00",Chloroform-d,100.0,nmrshiftdb2:2259
nmrshiftdb_2347,CC(=CC(=O)O)CCC1(C)C(C)CCC2(C)C(C)=CCCC21,"171.16,163.00,143.82,123.20,115.74,44.90,40.18,37.80,37.60,37.30,36.40,34.90,28.80,24.00,21.49,19.70,19.40,17.99,17.26,16.00",Chloroform-d,75.0,nmrshiftdb2:2347
nmrshiftdb_2193,C=C1C(=O)OC2C1CC(OC(=O)CC(C)(O)CC)C(C)=CCCC1(C)OC21,"172.00,169.00,137.90,132.60,128.10,122.00,81.50,81.00,71.00,65.90,61.30,44.40,44.00,36.00,35.90,34.60,26.20,23.80,17.30,11.70,8.30",Chloroform-d,50.0,nmrshiftdb2:2193
nmrshiftdb_2493,O=C1c2cccc(O)c2C(=O)c2c(O)cc(CO)cc21,"192.20,181.40,162.70,162.00,153.15,137.00,133.60,133.45,124.50,122.95,119.40,118.70,115.85,115.10,63.80",DMSO-d6,100.62,nmrshiftdb2:2493
nmrshiftdb_2245,CC(=O)CN1CC=CCC(C(=O)OC(C)C)S1(=O)=O,"203.43,164.80,130.95,129.93,70.19,65.92,57.44,44.91,26.93,25.81,21.47,21.41",Chloroform-d,100.0,nmrshiftdb2:2245
nmrshiftdb_2373,COc1cc(OC2OC(CO)C(O)C(O)C2OC2OCC(O)(CO)C2O)ccc1O,"152.70,149.60,142.70,115.90,111.00,109.40,103.30,102.20,80.00,78.80,78.00,77.70,75.30,71.40,65.70,62.20,56.00",Methanol-d4,100.0,nmrshiftdb2:2373
nmrshiftdb_2203,O=C(O)CN1CSC(=S)N(Cc2ccco2)C1,"191.60,170.40,148.70,143.00,110.60,109.70,69.00,58.50,50.40,46.60",DMSO-d6,75.0,nmrshiftdb2:2203
nmrshiftdb_2244,CC(C)OC(=O)C1CC2ON(C)C3(C)CN(CC23)S1(=O)=O,"165.06,75.87,73.31,69.68,63.05,55.69,49.71,38.80,27.38,21.18,21.10,18.51",Benzene-D6 (C6D6),100.0,nmrshiftdb2:2244
nmrshiftdb_2423,Cc1ccc(OC2OC(COC3OCC(O)C(O)C3O)C(O)C(O)C2O)c2c1COC2=O,"173.90,154.30,149.80,139.10,127.80,115.70,113.50,104.80,100.80,76.80,76.70,73.70,73.60,71.80,71.20,70.50,69.50,69.40,67.30,16.80",Methanol-d4,125.0,nmrshiftdb2:2423
nmrshiftdb_2291,COc1cc2c(=O)c3c(OC)c(OC)c(OC)cc3oc2cc1OC1OC(CO)C(O)C(O)C1O,"173.00,158.20,154.10,152.60,152.10,150.10,146.50,139.10,115.40,109.20,105.70,102.70,99.70,96.70,77.20,76.70,73.10,69.60,61.80,61.10,60.70,56.50,55.90",DMSO-d6,125.0,nmrshiftdb2:2291
nmrshiftdb_2277,CC1(O)CCC23CC1CC2CCC1C(C)(C)C(O)C(O)CC13C,"83.50,72.20,68.50,50.10,46.90,46.00,42.30,39.20,39.00,37.80,36.70,36.50,32.60,30.80,29.90,28.00,27.50,21.90,19.60,17.50",Chloroform-d,50.0,nmrshiftdb2:2277
nmrshiftdb_2494,CCC=CC#CC(=O)c1ccc(C=CC(=O)OC)o1,"166.59,166.04,153.95,153.54,153.21,131.28,120.75,119.88,114.25,110.32,90.66,85.85,51.43,21.36,13.37",Chloroform-d,23.0,nmrshiftdb2:2494
nmrshiftdb_2240,O=C1C(O)=Cc2cccc3ccc(-c4ccccc4)c1c23,"180.42,150.79,145.32,143.55,132.74,132.68,132.49,131.07,131.06,128.63,128.42,128.20,127.82,126.90,125.94,124.49,114.19",Acetone-D6 ((CD3)2CO),125.0,nmrshiftdb2:2240
nmrshiftdb_2459,CC1CCC2C(C)C(O)CC3C(C12)C3(C)C,"75.70,50.00,43.00,41.40,37.90,30.80,29.40,28.70,25.60,23.20,20.60,17.90,16.30,15.86",Chloroform-d,50.0,nmrshiftdb2:2459
nmrshiftdb_2458,COc1cc(C2c3c(cc4c(c3OC)OCO4)C(OC(C)=O)C3COC(=O)C23)cc(OC)c1OC,"176.32,170.12,153.42,149.50,142.62,138.55,137.04,136.77,130.71,122.45,105.82,101.82,101.49,72.99,70.96,60.69,59.36,56.21,43.58,41.87,34.71,20.86",Chloroform-d,125.0,nmrshiftdb2:2458
nmrshiftdb_2276,O=C(C=C1C=CC(=O)O1)COC(=O)c1ccccc1,"191.49,172.90,167.94,165.69,142.35,133.31,129.63,129.33,128.63,123.73,111.99,67.88",Chloroform-d,75.0,nmrshiftdb2:2276
nmrshiftdb_2198,C1=CC(c2ccccc2)(c2ccccc2)Oc2ccc3c([nH]c4ccccc43)c21,"151.20,144.80,139.40,136.20,128.10,128.00,127.40,127.00,124.70,123.80,121.00,119.80,119.50,118.20,118.00,110.50,109.80,104.90,82.50",Chloroform-d,75.0,nmrshiftdb2:2198
nmrshiftdb_2409,CC(C=CC1(O)C(CO)=CC(=O)CC1(C)C)OC1OC(CO)C(O)C(O)C1O,"197.20,167.00,131.60,131.30,121.20,100.00,77.10,76.90,73.30,72.00,70.00,61.10,59.10,49.30,41.30,23.60,23.00,22.10",DMSO-d6,150.0,nmrshiftdb2:2409
nmrshiftdb_2434,O=C1OC(O)c2cc(O)c3c4c(ccc1c24)-c1ccccc1O3,"163.40,153.30,140.70,137.50,132.60,132.40,129.00,125.30,124.80,123.30,122.00,120.50,119.20,119.10,118.90,118.40,115.40,97.00",Acetone-D6 ((CD3)2CO),125.0,nmrshiftdb2:2434
nmrshiftdb_2265,COc1ccc(-c2coc3cc4c(c(OC)c3c2=O)C=CC(C)(C)O4)c(O)c1,"176.45,162.45,159.05,157.59,157.40,157.14,155.67,131.69,130.95,120.78,116.25,113.60,113.25,112.55,106.75,103.48,100.89,77.80,62.90,55.59,29.40,27.40",Acetone-D6 ((CD3)2CO),75.0,nmrshiftdb2:2265
nmrshiftdb_2377,C=CC(CCCCCO)OC1OC(COC2OCC(O)C(O)C2O)C(O)C(O)C1O,"140.52,115.85,105.53,104.70,81.87,78.00,77.70,76.57,75.10,71.47,71.23,69.40,66.93,62.90,35.93,32.95,25.98,25.40",Methanol-d4,100.0,nmrshiftdb2:2377
nmrshiftdb_2342,N#CC1(OC2OC(CO)C(O)C(O)C2O)CCC(O)C1O,"119.10,102.10,84.90,84.60,78.20,77.90,76.50,75.00,71.20,62.40,35.20,30.10",Methanol-d4,100.0,nmrshiftdb2:2342
nmrshiftdb_2297,CC(=O)C=CC12OC1(C)CC(O)CC2(C)C,"197.50,142.40,132.70,69.60,67.30,63.53,46.70,40.70,35.20,28.40,27.25,19.90",Chloroform-d,100.0,nmrshiftdb2:2297
nmrshiftdb_2353,Cc1cc2c(C(C)C)c(O)cc(C)c2oc1=O,"162.50,151.86,146.86,139.37,128.51,125.09,124.52,124.31,119.64,27.50,20.92,17.21,15.99",Chloroform-d,125.0,nmrshiftdb2:2353
nmrshiftdb_2341,CC(=O)c1occ2c1C(=O)c1c(O)cccc1C2=O,"195.78,185.85,176.85,162.13,157.45,147.17,137.08,134.80,132.55,124.31,121.70,119.67,117.22,27.09",Chloroform-d,125.0,nmrshiftdb2:2341
nmrshiftdb_2327,CCC1OC2CC(C=C=CBr)OC2CC=CCC1Br,"201.35,129.30,127.30,101.70,84.40,79.75,74.50,73.35,72.75,52.80,39.10,34.70,29.42,23.20,11.40",Chloroform-d,100.0,nmrshiftdb2:2327
nmrshiftdb_2339,COC(=O)c1cc(OC)c(OC)c(OC)c1-c1c(C(=O)OC)cc2nc3ccccc3nc2c1OC,"167.10,166.90,153.70,152.20,146.60,144.50,143.90,143.80,140.40,135.50,132.40,132.00,130.80,130.50,130.30,127.60,126.90,125.70,110.00,62.50,61.00,60.90,56.40,52.50,51.90",Acetone-D6 ((CD3)2CO),126.0,nmrshiftdb2:2339
nmrshiftdb_2410,C=C1CCC(C(C)C)C2C=C(C)C(=O)CC12,"199.50,149.70,149.20,134.90,109.00,43.80,43.00,40.70,40.10,30.50,27.50,25.40,21.40,16.30,16.00",Chloroform-d,50.0,nmrshiftdb2:2410
nmrshiftdb_2255,O=S1(=O)C2=C(CCCC2)C(OO)N1c1c(Cl)cccc1Cl,"140.00,139.60,137.60,131.70,130.40,129.70,93.90,23.50,21.50,21.40,19.50",Acetone-D6 ((CD3)2CO),100.0,nmrshiftdb2:2255
nmrshiftdb_234,CC1(C)CCCC2(C)C1CC=C(C=O)C2(O)C=O,"203.00,193.40,158.30,140.99,78.34,42.20,42.00,41.80,33.50,31.70,26.50,22.60,18.30,17.60",Chloroform-d,50.0,nmrshiftdb2:234
nmrshiftdb_2435,CC1C(CO)C2CC3c4[nH]c5ccccc5c4CC(C2CO)N31,"139.30,137.80,128.50,121.30,119.30,118.50,111.90,105.00,63.00,62.90,57.50,53.40,49.70,43.90,40.20,29.80,27.70,27.40,18.60",Pyridin-D5 (C5D5N),100.0,nmrshiftdb2:2435
nmrshiftdb_2491,COc1cc(C2Oc3ccc4ccc(=O)oc4c3OC2CO)cc(OC)c1O,"159.90,147.95,146.80,144.90,143.20,136.10,131.10,125.80,119.80,113.50,113.40,112.80,105.45,78.10,76.80,59.90,56.15",DMSO-d6,100.0,nmrshiftdb2:2491
nmrshiftdb_2208,O=C1OC2C(O)C(O)C(CO)OC2N1c1ccccc1O,"154.50,143.20,129.50,124.10,123.10,111.50,109.80,84.70,80.20,77.80,70.20,70.00,61.70",Methanol-d4,150.92,nmrshiftdb2:2208
nmrshiftdb_2305,CC(=O)OCC1(C)C(=O)CCC2(C)C1CCC1(C)C2CCC2C=CC(O)C21C,"213.60,171.00,135.95,134.20,81.06,69.01,57.55,54.87,54.70,52.16,49.95,40.29,38.96,37.95,37.34,34.60,27.42,21.99,20.22,19.50,18.69,17.89,16.58,16.30",Chloroform-d,100.0,nmrshiftdb2:2305
nmrshiftdb_2338,COc1c(OS(=O)(=O)[O-])cc2oc(-c3ccc(O)c(O)c3)c(OC)c(=O)c2c1O,"178.40,156.30,152.90,152.00,150.40,149.50,145.60,137.60,133.30,120.80,120.40,116.10,115.20,106.60,97.90,60.30,59.60",DMSO-d6,50.0,nmrshiftdb2:2338
nmrshiftdb_2246,CCOP(=O)([O-])C([NH2+]c1ccccc1)c1ccccc1,"147.56,138.08,128.73,128.38,127.96,127.08,116.72,113.49,61.77,54.82,16.48",DMSO-d6,90.56,nmrshiftdb2:2246
nmrshiftdb_2427,CC(=O)OC12CC=C(C)C(=O)CC13CCC2C(C)(C=CC=C(C)C(=O)O)OC3=O,"201.10,173.80,170.20,169.80,144.50,141.30,137.30,130.30,129.30,122.50,88.20,84.80,55.20,49.30,44.10,33.59,33.40,28.10,25.50,21.40,20.50,12.80",Acetone-D6 ((CD3)2CO),100.0,nmrshiftdb2:2427
nmrshiftdb_2464,CC1CC(O)C2(O)C1C1C(CC(O)C2(C)O)C1(C)C,"69.40,65.50,61.90,58.30,38.40,33.30,29.90,29.80,28.20,25.50,23.50,22.70,19.10,15.30,14.30",Chloroform-d,50.0,nmrshiftdb2:2464
nmrshiftdb_2393,COc1cc(C2OC(=O)C3C(c4ccc(O)c(O)c4)OCC23)cc(OC)c1O,"182.40,152.30,149.20,148.90,143.40,139.80,136.00,121.00,119.00,115.81,107.00,89.90,87.80,76.40,59.60,57.00,53.90",Methanol-d4,100.0,nmrshiftdb2:2393
nmrshiftdb_2303,N#CC(OC1OC(COC(=O)c2cc(O)c(O)c(O)c2)C(O)C(O)C1O)c1ccccc1,"167.10,146.00,138.90,134.40,130.50,129.80,128.50,121.40,118.80,109.80,101.90,77.40,75.30,74.20,70.80,68.20,64.30",Acetone-D6 ((CD3)2CO) + Deuteriumoxide (D2O),126.0,nmrshiftdb2:2303
nmrshiftdb_2361,O=CC1=C(Cc2ccccc2)CN(O)C=C1,"189.49,146.38,137.54,129.35,128.73,128.61,127.03,126.63,99.44,53.64,37.86",Chloroform-d,125.0,nmrshiftdb2:2361
nmrshiftdb_2212,Cn1cnc(SSc2ncn(C)c2CC(N)C(=O)O)c1CC(N)C(=O)O,"173.00,141.00,133.80,131.00,54.10,32.70,24.80",Deuteriumoxide (D2O),125.0,nmrshiftdb2:2212
nmrshiftdb_2206,CC(=O)NC1C(NC(=O)CN)OC(CO)C(O)C1O,"175.85,170.74,78.86,77.92,74.10,69.70,60.68,54.44,42.21,22.09",Deuteriumoxide (D2O),75.5,nmrshiftdb2:2206
nmrshiftdb_2465,CC(=O)Oc1c(O)c(C(C)C)c(O)c2c1C1(C)CCCC(C)(C)C1=C(O)C2=O,"182.30,169.70,160.10,152.80,143.30,142.00,141.67,129.40,120.40,106.00,41.10,36.70,36.40,32.30,29.88,28.57,25.08,24.50,21.30,20.00,18.60",Chloroform-d,100.4,nmrshiftdb2:2465
nmrshiftdb_2414,COc1ccc2c(c1C)CCC1(C)C3CCC21OC1(OC(C)(C)C(C)C1O)C3C,"156.78,135.02,134.62,125.60,123.18,108.07,107.37,87.01,85.94,83.97,55.74,53.10,43.95,41.74,35.47,34.90,28.91,28.38,26.74,26.30,24.65,19.29,16.55,10.95,5.43",Chloroform-d,100.0,nmrshiftdb2:2414
nmrshiftdb_2467,O=c1cc(-c2ccccc2)oc2cc(O)c(CC=Cc3ccccc3)c(O)c12,"181.70,162.70,162.10,158.60,155.40,137.10,131.50,130.70,129.40,128.80,128.20,127.50,126.50,126.10,125.50,109.30,105.00,103.70,93.20,25.10",DMSO-d6,100.0,nmrshiftdb2:2467
nmrshiftdb_2283,CC(C)=CCC1=C(OC(=O)C(C)C)C(=O)C2=C(C1=O)C1CC(C)(CCC1C(C)(C)O)O2,"187.30,174.70,174.30,150.00,146.80,135.80,134.90,119.60,118.60,80.00,71.70,53.00,39.60,37.40,34.00,30.10,27.50,26.40,25.80,25.40,23.40,21.80,18.90,18.00",Chloroform-d,100.0,nmrshiftdb2:2283
nmrshiftdb_2310,CC(=O)OC1C=CC(O)C(O)(COC(=O)c2ccccc2)C1O,"171.13,165.00,133.50,130.08,129.90,128.50,126.80,75.96,72.90,70.88,68.75,66.70,21.20",Chloroform-d,75.0,nmrshiftdb2:2310
nmrshiftdb_2444,O=C(c1c[nH]c2ccc(O)cc12)c1nccc2c1[nH]c1ccc(O)cc12,"190.20,154.70,152.90,139.40,137.60,136.97,136.67,136.32,132.80,132.60,130.20,122.90,120.10,118.80,116.40,114.20,114.10,113.60,108.30,107.10",Methanol-d4,150.0,nmrshiftdb2:2444
nmrshiftdb_2258,C=C(C)C(=O)OC1CC(C)=C2C(=O)C=C(C)C2C2OC(=O)C(=C)C12,"195.30,169.30,168.30,166.40,146.50,136.00,135.70,134.30,132.60,127.00,120.70,79.10,64.80,55.50,53.10,41.00,23.00,19.80,18.10",Chloroform-d,100.0,nmrshiftdb2:2258
nmrshiftdb_2340,CC1C=C2C=CC(C)(O)C(C)(C(=O)CCO)C2C(O)C1,"215.00,133.70,133.00,131.50,128.30,73.80,66.10,58.80,58.00,44.00,42.20,39.60,25.70,25.30,20.40,13.60",Acetone-D6 ((CD3)2CO),126.0,nmrshiftdb2:2340
nmrshiftdb_2304,CC(C)=CCC1C(C)=CCC(c2ccccc2)C1C(=O)c1c(O)cc(O)cc1O,"207.59,165.00,148.20,137.47,132.70,129.00,128.10,126.30,123.50,122.28,107.60,95.70,54.81,46.00,37.95,36.80,29.80,23.28,20.21,19.88",Acetone-D6 ((CD3)2CO),75.0,nmrshiftdb2:2304
nmrshiftdb_2267,C=C1C(=O)OC2C1C(O)CC(C)(O)C13OC1C(O)C(C)(O)C23,"169.60,139.80,119.20,83.40,76.40,72.30,70.60,68.40,66.10,62.90,57.30,51.40,36.30,26.20,21.60",DMSO-d6,125.0,nmrshiftdb2:2267
nmrshiftdb_2495,COC(=O)CC1c2c(cc(O)c(O)c2O)C(=O)c2cc(O)c(O)c(O)c21,"182.97,174.92,147.25,145.61,140.39,125.49,122.08,110.10,51.38,39.14,32.49",DMSO-d6,50.0,nmrshiftdb2:2495
nmrshiftdb_2311,O=C(C=CC=Cc1ccc2c(c1)OCO2)N1CCCC1,"164.90,147.40,138.31,135.70,130.70,126.80,124.10,123.50,109.30,108.30,101.13,46.41,45.93,25.84,24.27",Chloroform-d,50.0,nmrshiftdb2:2311
nmrshiftdb_2367,COC1OC(=O)C(CO)C2CC=C(CO)C12,"172.40,144.80,128.70,98.70,62.30,61.40,51.60,50.70,40.90,40.50,30.90",Chloroform-d,100.58,nmrshiftdb2:2367
nmrshiftdb_2346,COc1cccc2cc(C)c(-c3ccc4c(c3O)C(C)NC(C)C4)c(O)c12,"156.45,153.12,150.48,136.43,136.21,135.89,129.33,127.52,126.54,124.94,121.20,120.18,120.06,119.89,113.84,103.57,56.10,48.71,43.09,37.71,22.14,20.82,20.44",Chloroform-d,150.0,nmrshiftdb2:2346
nmrshiftdb_2390,CC(C)C1=C2C3C4CC4(C)C(=O)CC3(C)CCC2(C)CC1,"210.60,139.10,136.40,51.80,49.60,47.20,44.00,38.00,36.90,35.70,30.20,29.10,28.80,28.70,27.30,24.30,21.90,21.70,19.80,17.60",Chloroform-d,125.0,nmrshiftdb2:2390
nmrshiftdb_2405,C=C1C(=O)OC23C=C(C)CCC2C(C)CCC13,"169.82,140.21,138.86,121.09,120.29,84.10,49.50,48.45,33.70,31.53,29.71,23.71,22.27,21.43,19.27",Chloroform-d,125.0,nmrshiftdb2:2405
nmrshiftdb_2241,Oc1ccc(C=Cc2cc(O)c3c(-c4cc(O)cc(O)c4)c(-c4ccc(O)cc4)oc3c2)cc1,"158.00,157.60,157.50,155.10,151.80,149.08,135.40,135.00,128.48,127.80,127.70,126.92,121.20,117.70,115.62,115.50,115.40,108.60,106.40,101.80,100.06",Acetone-D6 ((CD3)2CO),125.75,nmrshiftdb2:2241
nmrshiftdb_2210,CC1CC2OC34CC(O)CC(C15CC(c1ccoc1)OC5=O)C23COC4=O,"178.10,177.10,144.80,140.00,126.60,108.80,83.70,82.10,72.60,70.60,63.80,46.80,43.10,41.00,38.40,37.00,36.30,31.70,30.50,18.30",Pyridin-D5 (C5D5N),125.7,nmrshiftdb2:2210
nmrshiftdb_2403,C#CC=CCC1OC(C(Br)CC)CC(OC(C)=O)C(Cl)CC1Cl,"170.00,139.20,111.80,82.80,79.80,75.60,73.40,72.70,62.50,61.30,56.80,42.30,35.20,31.90,29.20,21.00,12.20",Chloroform-d,100.0,nmrshiftdb2:2403
nmrshiftdb_2374,CC=C(C)C(=O)OC1CC(C)(O)C2=C(C3OC(=O)C(C)C13)C(C)(O)CC2O,"178.10,167.10,147.70,143.80,139.70,128.70,82.70,76.80,74.40,73.70,71.20,54.80,51.00,46.80,41.20,29.60,28.20,20.70,15.90,15.30",Acetone-D6 ((CD3)2CO),100.0,nmrshiftdb2:2374
nmrshiftdb_2463,CC1=C2C(O)CC(C)C2C2C(CC1O)C2(C)C,"145.90,132.80,74.40,73.90,42.00,39.70,33.40,30.20,29.90,28.20,23.00,18.80,18.10,15.90,15.20",Chloroform-d,50.0,nmrshiftdb2:2463
nmrshiftdb_2281,COc1c(O)c2c(c(O)c1C(C)C)C(=O)CC1C2(C)CCC(O)C1(C)C,"206.60,158.10,155.50,141.40,138.30,126.80,113.10,77.40,61.30,49.70,40.90,39.80,36.20,35.70,29.10,28.50,26.10,21.10,17.90,16.30",Pyridin-D5 (C5D5N),75.0,nmrshiftdb2:2281
nmrshiftdb_2309,CC(C=CC(C)O)=CC(=O)NCC(C)(C)C(=O)C(C)(C)CNC(=O)C=C(C)C=CC(C)O,"218.20,169.43,148.53,142.65,128.16,117.73,66.90,48.51,46.95,23.94,23.71,17.85",Chloroform-d,125.0,nmrshiftdb2:2309
nmrshiftdb_2416,Oc1ccc(COCc2ccc(O)c(Cc3ccc(O)cc3)c2)cc1,"156.32,155.36,154.83,134.29,131.23,130.60,129.49,129.29,129.02,128.96,126.56,115.81,115.79,115.40,71.72,71.51,35.24",Chloroform-d,125.0,nmrshiftdb2:2416
nmrshiftdb_2336,O=C1c2ccccc2C(=O)c2c1ccc(O)c2O,"188.70,180.40,152.70,150.70,135.00,133.90,133.50,132.70,126.60,126.40,123.70,121.10,120.80,116.10",Methanol-d4,75.5,nmrshiftdb2:2336
nmrshiftdb_2426,CC1CC(=O)N2CCCC3=C(C1)C(=O)OC3CCC2,"173.30,172.30,162.40,126.50,81.70,50.10,49.30,39.90,32.40,31.70,29.00,26.10,25.10,23.40,17.80",Chloroform-d,100.0,nmrshiftdb2:2426
nmrshiftdb_2295,C=C1C(=O)C23CC1CC(O)C2C1(CCCC2(C)COC(OC)C21)COC3=O,"200.00,171.60,151.40,118.10,107.50,82.10,74.20,65.60,54.40,49.70,44.20,42.30,38.70,38.20,35.30,35.10,34.40,26.80,25.00,19.50",Pyridin-D5 (C5D5N),100.0,nmrshiftdb2:2295
nmrshiftdb_2230,C=Cn1cccc1-c1cccn1C=C,"131.27,123.70,117.72,113.29,110.03,97.86",Chloroform-d,62.5,nmrshiftdb2:2230
nmrshiftdb_2474,C=C(C)C1CCC2=C(C1)C(C)C(O)C(O)C2,"148.90,129.00,124.90,109.00,79.20,71.50,41.70,40.50,38.40,31.20,29.70,26.60,21.10,16.50",Chloroform-d,100.0,nmrshiftdb2:2474
nmrshiftdb_2351,O=C(O)C1CCC2C=COC(OC3OC(CO)C(O)C(O)C3O)C21,"179.50,140.70,107.60,99.70,95.50,78.10,77.90,74.70,71.40,62.60,46.40,45.80,34.60,33.00,29.00",Methanol-d4,100.0,nmrshiftdb2:2351
nmrshiftdb_2263,CC(C)=CCc1cc2c(cc1O)OC(c1ccc3c(c1)C=CC(C)(C)O3)CC2=O,"191.60,162.60,162.10,153.80,136.00,131.70,131.30,128.80,127.60,124.80,122.40,122.20,121.80,121.60,116.90,115.20,104.10,80.10,77.60,44.50,29.40,28.50,26.20,18.30",Chloroform-d,75.0,nmrshiftdb2:2263
nmrshiftdb_2462,CC1CC=C2C1C1C(CC(O)C2(C)O)C1(C)C,"151.80,126.80,76.40,73.50,42.80,38.10,37.50,29.70,28.40,25.20,24.80,23.00,19.60,15.70,15.00",Chloroform-d,50.0,nmrshiftdb2:2462
nmrshiftdb_2192,CC=C(C)c1cc(O)c(C)c(O)c1C(=O)Oc1cc(C(C)=CC)c(C(=O)O)c(O)c1C,"171.70,168.10,159.80,159.50,151.20,146.00,145.60,137.50,137.40,121.00,120.90,116.40,113.20,112.40,109.40,108.40,104.60,18.30,18.20,13.70,13.50,9.00,8.10",DMSO-d6,125.0,nmrshiftdb2:2192
nmrshiftdb_2237,O=C1c2c(-c3ccccc3)ccc3ccc4c(c23)C2C3c5c(ccc6ccc(-c7ccccc7)c(c56)C(=O)C3(O)O4)OC12O,"193.28,153.00,145.34,141.41,132.24,131.39,131.29,129.30,128.98,128.40,127.60,127.39,123.27,121.46,117.21,91.91,34.05",Acetone-D6 ((CD3)2CO),125.75,nmrshiftdb2:2237
nmrshiftdb_2473,CCc1c(C(=O)OC)c(C=O)c2n(c1=O)CCc1c-2[nH]c2cccc(OC)c12,"189.92,164.52,160.11,155.27,149.21,139.55,132.48,132.34,126.38,125.80,118.51,117.88,110.55,106.89,99.81,55.23,52.25,40.49,21.91,20.43,13.09",Chloroform-d,250.0,nmrshiftdb2:2473
nmrshiftdb_2334,CC1=CC=C(O)C2(CO)CC3OC(=O)C(O)(CO)C3C=C12,"177.35,157.91,141.60,132.98,127.94,111.87,96.65,79.05,77.71,66.08,65.46,49.63,48.68,36.69,22.97",Chloroform-d,100.0,nmrshiftdb2:2334
nmrshiftdb_2331,CC#CC#CCC=CC=CC(=O)NCC(C)C,"166.10,140.20,138.90,129.70,123.20,87.03,77.70,68.20,64.90,46.90,31.20,28.50,20.05,4.17",Chloroform-d,150.0,nmrshiftdb2:2331
nmrshiftdb_2384,COc1cc(O)c(C2COc3cc(O)cc(O)c3C2=O)cc1CC=C(C)C,"198.29,166.58,165.07,163.96,157.90,153.99,133.00,130.55,122.09,121.62,112.52,102.89,100.83,96.83,95.73,69.90,55.32,45.86,26.07,20.06,19.86",Chloroform-d,100.0,nmrshiftdb2:2384
nmrshiftdb_2376,C=C1CC2(C)CCC1CC1C(C)CCC12,"151.77,108.32,46.89,46.55,42.35,40.56,37.71,37.11,36.38,33.04,31.90,27.01,26.73,25.71,19.11",Benzene-D6 (C6D6),100.0,nmrshiftdb2:2376
nmrshiftdb_2500,O=C(O)C(O)=Cc1ccc(O)cc1,"166.70,156.80,139.30,131.00,126.00,115.30,110.50",Methanol-d4,100.0,nmrshiftdb2:2500
nmrshiftdb_2391,O=C(OCc1ccccc1)c1c(O)cccc1OC1OC(CO)C(O)C(O)C1O,"169.26,157.87,156.01,134.20,134.04,129.40,129.10,128.80,111.55,110.59,108.00,100.90,76.90,76.40,73.70,70.20,68.13,61.50",Methanol-d4,100.0,nmrshiftdb2:2391
nmrshiftdb_2466,CC(=O)OC1CC(C)(C)C2=C(O)C(=O)C3=C(C(=O)C(OC(C)=O)C4(CC4C)C3=O)C2(C)C1,"194.70,190.40,176.80,169.90,161.50,145.80,139.30,130.50,77.30,66.90,41.00,40.70,35.10,34.80,34.30,29.10,27.50,26.20,25.60,22.30,21.00,20.10,12.60",Chloroform-d,100.4,nmrshiftdb2:2466
nmrshiftdb_2371,CC(C)CC(=O)OC1CCC(C)C2(C)C1=CC(=O)C1C2C1(C)C,"196.55,172.91,170.31,122.68,72.57,43.10,41.97,40.25,37.05,35.47,31.33,30.66,27.58,26.76,25.68,23.01,22.37,20.01,16.54",Chloroform-d,125.0,nmrshiftdb2:2371
nmrshiftdb_2242,CC1OC(Oc2ccc3ccc(=O)oc3c2-c2cc3ccc(=O)oc3cc2O)C(O)C(O)C1O,"160.80,160.20,158.60,156.40,155.20,152.20,144.40,143.90,131.00,128.70,115.10,114.60,113.90,113.70,112.30,112.00,111.80,103.30,96.80,73.80,72.70,71.60,70.90,16.60",Methanol-d4,100.0,nmrshiftdb2:2242
nmrshiftdb_2260,N#CC(OC1OC(CO)C(O)C(O)C1O)c1ccccc1,"135.01,130.88,130.07,128.91,119.58,99.94,75.74,72.92,72.01,68.77,68.38,63.12",Methanol-d4,150.0,nmrshiftdb2:2260
nmrshiftdb_2453,C=C1c2ccoc2CC2C1CC(OC(=O)c1ccccc1)C1(O)C(C)(C)CCCC21C,"165.70,152.20,142.00,141.30,133.10,130.40,129.70,128.60,118.70,106.30,104.20,76.10,72.30,44.10,41.53,38.90,38.00,34.50,31.60,27.21,25.66,22.30,18.20,17.10",Chloroform-d,100.0,nmrshiftdb2:2453
nmrshiftdb_2396,CC(=O)c1c(C)cc2c(O)ccc(OC3OC(COC4OCC(O)C(O)C4O)C(O)C(O)C3O)c2c1O,"205.20,150.30,148.30,147.00,131.50,126.40,125.70,114.10,114.00,112.20,109.10,104.30,103.50,76.60,76.30,73.50,70.00,69.80,68.70,65.70,32.10,19.50",DMSO-d6,125.0,nmrshiftdb2:2396
nmrshiftdb_2418,CC1NC(=O)C23CC(O)C4C(CCC5=CC(=O)C=CC54C)C2CCC13,"186.90,183.80,168.70,159.10,126.60,124.80,77.20,67.80,61.60,60.00,59.40,53.70,44.40,43.70,34.10,33.10,33.00,29.70,23.20,18.80,16.40",Chloroform-d,75.0,nmrshiftdb2:2418
nmrshiftdb_2388,COc1c(-c2ccc3c(c2)OCO3)oc2c(OC)c(O)cc(O)c2c1=O,"178.00,156.80,155.10,153.77,149.27,148.50,147.79,137.60,127.40,124.30,122.91,108.56,108.51,104.00,101.66,98.70,61.11,60.90",Pyridin-D5 (C5D5N),100.0,nmrshiftdb2:2388
nmrshiftdb_2380,COc1cc2c(=O)oc3c(OC4OC(C)C(O)C(OC(C)=O)C4OC(C)=O)c(O)cc4c(=O)oc(c1O)c2c34,"170.60,170.30,159.70,159.50,154.40,151.00,143.90,142.80,137.70,136.90,115.30,114.60,112.50,112.20,107.70,107.50,100.70,73.10,72.20,70.60,70.50,56.60,20.90,20.70,18.40",Pyridin-D5 (C5D5N),75.6,nmrshiftdb2:2380
nmrshiftdb_2215,CC=C1C2CC3C4=Nc5ccccc5C4(C2C(=O)OC)C2C(O)ON3C12,"184.30,171.10,157.60,140.00,131.50,128.70,125.50,121.60,120.40,99.40,64.90,61.90,55.70,54.80,52.60,51.70,34.10,31.00,12.40",DMSO-d6,125.0,nmrshiftdb2:2215
nmrshiftdb_2306,Cc1coc2c1CC1C(C)C=CC(=O)C1(C)C2,"203.12,153.68,146.39,137.10,126.77,120.74,116.87,44.19,42.84,36.41,36.34,23.91,18.67,18.23,8.16",Chloroform-d,125.0,nmrshiftdb2:2306
nmrshiftdb_2302,COc1cccc(CCc2ccc(OC)c(OC)c2)c1,"159.57,148.70,147.20,143.44,134.04,129.30,120.72,120.05,114.18,111.72,111.50,111.27,55.90,55.80,55.15,36.95,36.46",Chloroform-d,150.0,nmrshiftdb2:2302
nmrshiftdb_2197,CC1=C2CCC(C)C2C2C(CC1=O)C2(C)C,"200.19,165.00,130.56,43.62,39.65,37.33,33.91,32.00,28.81,22.08,20.55,19.51,18.81,15.90,15.00",Chloroform-d,50.0,nmrshiftdb2:2197
nmrshiftdb_2307,CC(=O)OCC12C(OC(C)=O)C(O)C(C)C(C)(CCc3ccoc3)C1CCC(O)C21CO1,"171.05,170.60,142.80,138.37,125.12,110.74,77.55,71.59,67.83,65.01,61.18,48.06,47.36,45.60,43.44,40.50,37.74,29.38,21.60,20.43,18.57,18.32,17.62,13.06",Acetone-D6 ((CD3)2CO),75.0,nmrshiftdb2:2307
nmrshiftdb_2443,O=Cc1ccc(COc2ccccc2O)o1,"177.70,155.80,153.00,146.10,145.00,122.90,121.70,120.30,115.40,112.80,112.20,63.70",Chloroform-d,75.0,nmrshiftdb2:2443
nmrshiftdb_2370,COC1=CC(=O)OC(C=Cc2ccc(OC)c(OC)c2)C1,"172.07,165.37,148.49,148.20,132.22,130.43,124.48,120.14,111.31,110.46,90.69,76.40,56.73,55.80,29.61",Chloroform-d,125.0,nmrshiftdb2:2370
nmrshiftdb_2319,CC(C)=CCC1=C(O)C(=O)c2c(O)ccc(O)c2C1=O,"183.87,182.06,164.70,159.46,155.37,133.40,132.35,129.34,123.04,121.40,111.55,111.04,22.86,20.28,20.10",Chloroform-d,100.0,nmrshiftdb2:2319
nmrshiftdb_2290,CC(C)=CCCC(C)=CCc1c(O)cc(CC(C)O)oc1=O,"164.76,164.48,160.98,134.50,130.67,124.05,121.70,100.88,100.73,64.01,42.77,39.20,26.11,25.25,23.39,21.69,17.50,15.90",DMSO-d6,125.0,nmrshiftdb2:2290
nmrshiftdb_2266,COc1cc2oc3cc(O)cc(C)c3c2c(C)c1Cl,"160.00,157.04,156.22,155.40,133.25,130.62,119.72,119.31,116.02,115.30,96.18,93.86,56.70,25.16,18.82",Methanol-d4,125.0,nmrshiftdb2:2266
nmrshiftdb_2321,COc1cc(O)c(C(=O)CCc2ccc(O)cc2)c(OC2OC(CO)C(O)C(O)C2O)c1,"205.40,166.30,166.10,161.30,156.30,132.50,130.30,116.00,107.30,101.80,96.30,94.60,77.17,75.53,73.90,69.67,60.61,56.40,46.30,30.00",DMSO-d6,75.0,nmrshiftdb2:2321
nmrshiftdb_2326,CC(C)=CCc1c(O)cc(O)c2c1OC(c1ccc3c(c1)CCC(C)(C)O3)CC2=O,"198.65,164.96,162.99,160.79,152.38,131.90,131.70,128.32,124.15,122.57,120.32,117.51,108.44,103.39,96.39,78.39,73.30,42.35,32.46,26.50,24.50,23.63,21.90,19.74,19.68",Chloroform-d,100.0,nmrshiftdb2:2326
nmrshiftdb_2252,C1=Cc2ccc(C3CCc4ccccc43)cc2C1,"148.00,145.00,144.80,143.90,142.70,134.40,132.50,127.10,127.00,125.70,125.00,124.20,121.40,52.40,39.70,37.60,32.50",Chloroform-d,150.0,nmrshiftdb2:2252
nmrshiftdb_2324,OCC1OC(Oc2ccc(C=Cc3cc(O)cc(OC4OC(CO)C(O)C(O)C4O)c3)cc2)C(O)C(O)C1O,"160.10,159.50,158.20,140.80,133.00,131.30,130.90,130.40,117.60,111.40,109.30,104.40,102.40,78.20,77.90,75.00,71.50,62.60",Methanol-d4,125.0,nmrshiftdb2:2324
nmrshiftdb_2365,COc1cc(C2OCC3C(c4ccc5c(c4)OCO5)OCC23)cc2c1OCO2,"150.70,148.20,147.40,145.10,136.42,136.30,135.60,119.60,108.30,107.80,106.60,102.70,101.30,101.10,88.25,82.05,70.83,69.51,57.50,53.48,50.30",Chloroform-d,125.0,nmrshiftdb2:2365
nmrshiftdb_2501,COC1=C(N)C(=O)c2nc(-c3[nH+]c(C(=O)[O-])c(C)c(-c4ccc(OC)c(OC)c4O)c3N)ccc2C1=O,"180.65,176.55,166.30,153.60,147.50,146.40,144.70,143.33,143.09,141.30,137.40,136.85,136.55,134.90,133.80,129.12,127.20,126.05,125.10,115.25,104.80,60.50,59.95,55.80,17.20","Tetrahydrofuran-D8 (THF-D8, C4D4O)",100.21,nmrshiftdb2:2501
nmrshiftdb_2428,CC(C)=CC(=O)OC1C=CC(C)(CC=CC(C)(C)O)CC=C(CO)C(=O)C=CC1(C)O,"202.40,167.04,156.80,154.90,145.20,142.90,141.70,128.90,128.60,123.20,122.00,115.30,81.50,74.10,70.60,64.80,43.50,40.90,40.60,29.70,29.60,23.20,23.19,22.90,22.60",Chloroform-d,75.0,nmrshiftdb2:2428
nmrshiftdb_2227,CC1(C)C=Cc2c(cc3c(c2O)C(=O)OC3)O1,"172.79,161.95,157.39,151.31,128.09,116.26,108.72,105.17,102.73,76.85,68.93,29.26,27.26",Chloroform-d,75.0,nmrshiftdb2:2227
nmrshiftdb_2468,CCC(C)C(=O)OC1C(=O)c2c(O)cc(O)cc2OC1c1ccccc1,"191.70,175.10,165.10,164.20,162.50,135.00,129.60,128.70,127.60,101.90,97.30,95.80,81.50,71.90,40.70,26.40,16.40,10.90",Chloroform-d,100.0,nmrshiftdb2:2468
nmrshiftdb_2415,C=C1C(OC(C)=O)CCC2(C)CCC(C(O)(CO)CO)CC12O,"170.40,148.98,108.19,76.54,76.08,75.44,65.99,63.99,38.25,37.93,31.74,31.38,30.86,28.52,21.99,21.62,20.34",Chloroform-d,125.0,nmrshiftdb2:2415
nmrshiftdb_2299,COc1ccc(C2CC(=O)c3c(O)cc4c(c3O2)C=CC(C)(C)O4)cc1O,"196.82,164.00,162.50,157.59,147.77,146.34,132.12,126.70,117.67,115.80,113.84,112.03,103.46,102.10,97.80,78.30,78.19,55.50,43.28,29.40,27.70",Chloroform-d,100.0,nmrshiftdb2:2299
nmrshiftdb_2271,COc1cc(O)c2c(C=O)c(-c3ccc(OC)c(O)c3OC)oc2c1,"192.76,162.79,162.30,157.85,152.81,148.85,148.01,139.20,123.70,121.95,114.55,108.58,106.37,99.50,89.28,59.82,56.70,56.14",Acetone-D6 ((CD3)2CO),100.0,nmrshiftdb2:2271
nmrshiftdb_2422,Oc1ccc(C2Oc3cc(O)c(Cl)c(O)c3CC2O)cc1O,"155.50,153.40,152.09,146.62,145.68,131.90,119.65,115.73,115.08,102.02,100.18,96.62,82.90,68.28,27.89",Methanol-d4,75.5,nmrshiftdb2:2422
nmrshiftdb_2209,CC1(Cl)CC2OC3(Br)C=CC(C)(O)C2(CC1Br)C3(C)C,"134.50,132.70,99.80,77.60,74.40,69.30,59.60,53.60,49.30,46.30,34.50,33.90,25.30,24.70,23.60",Chloroform-d,75.47,nmrshiftdb2:2209
nmrshiftdb_2261,C=C1C(OC(C)=O)CC2C3C1C2(C)CCCC3(C)C,"170.10,152.00,107.50,68.00,52.50,50.50,43.60,41.90,39.70,39.40,34.90,32.90,28.40,27.90,23.40,21.80,21.00",Benzene-D6 (C6D6),125.7,nmrshiftdb2:2261
nmrshiftdb_2323,CC(C)=CCc1c(O)ccc2c1OCc1c-2oc2cc(O)ccc12,"155.49,154.41,153.77,153.30,149.77,129.84,122.88,121.62,121.14,119.30,117.09,112.19,111.00,109.80,107.58,98.20,65.18,21.06,20.40,19.82",Chloroform-d,150.0,nmrshiftdb2:2323
nmrshiftdb_2300,C=C(C)C1=CC=CC(C)(C)O1,"157.66,134.80,124.97,121.23,114.17,99.22,76.70,30.01,28.01,19.47",Unreported,100.0,nmrshiftdb2:2300
nmrshiftdb_2404,CC(=O)OC1CC2(C)CCC=C(C)C2C2C1C2(C)C,"171.00,134.40,118.30,66.60,42.10,40.80,36.80,28.90,28.10,25.60,24.20,22.80,22.10,21.10,18.30,15.40,13.80",Chloroform-d,62.5,nmrshiftdb2:2404
nmrshiftdb_2214,CC=C1CN2C3CC45c6ccccc6NC4(O3)C2CC1C5C(=O)OC,"172.50,147.50,136.30,135.20,127.90,125.10,120.80,120.30,110.50,106.30,87.40,52.00,51.80,51.50,51.20,46.40,40.60,31.10,26.00,12.70",Chloroform-d,100.0,nmrshiftdb2:2214
nmrshiftdb_2328,CC1=CCC(Br)C2(C)CCC(C(C)C)C(O)C12,"135.50,121.90,70.00,67.10,51.50,45.20,37.40,36.80,36.00,27.40,22.10,22.00,21.50,20.10,17.10",Chloroform-d,100.0,nmrshiftdb2:2328
nmrshiftdb_2239,O=C1OC(C(=O)O)c2cc(O)c(OC3OC(CO)C(O)C(O)C3O)c3c(-c4ccccc4)ccc1c23,"174.10,167.10,148.60,145.50,145.10,139.00,131.70,131.40,130.60,128.40,128.10,127.60,127.30,126.50,126.20,125.50,121.20,118.60,103.90,82.20,77.80,77.60,74.70,71.40,62.70",Methanol-d4,125.0,nmrshiftdb2:2239
